Date,Produit,Catégorie,Ville,Vendeur,Quantité,Prix_unitaire,Remise,Client_ID,CA,Remise_pct,CA_sans_Remise,Annee,Mois,CA_marge_calculee
2023-08-17,Sac de Luxe,Mode,Paris,Vendeur_9,8,1129.87,5,C3286,8587.01,0.05,9038.96,2023,8,2576.10
2023-07-29,Console,High-Tech,Lyon,Vendeur_19,14,2852.64,0,C1488,39936.96,0.00,39936.96,2023,7,11981.09
2024-03-23,PC Portable,High-Tech,Toulouse,Vendeur_17,20,2198.66,0,C4257,43973.20,0.00,43973.20,2024,3,13191.96
2025-05-09,Console,High-Tech,Toulouse,Vendeur_15,19,1799.99,10,C1106,30779.83,0.10,34199.81,2025,5,9233.95
2023-11-23,Tablette,High-Tech,Nantes,Vendeur_11,9,476.50,5,C4527,4074.07,0.05,4288.50,2023,11,1222.22
2024-11-20,Tablette,High-Tech,Lyon,Vendeur_3,13,476.42,0,C6881,6193.46,0.00,6193.46,2024,11,1858.04
2024-12-05,Caméra,High-Tech,Bordeaux,Vendeur_2,15,183.67,20,C3045,2204.04,0.20,2755.05,2024,12,661.21
2025-02-14,Aspirateur Robot,Électroménager,Lyon,Vendeur_18,10,2599.87,30,C6925,18199.09,0.30,25998.70,2025,2,5459.73
2024-01-29,Veste,Mode,Lyon,Vendeur_2,8,1807.33,30,C5741,10121.05,0.30,14458.64,2024,1,3036.31
2024-04-21,PC Portable,High-Tech,Lyon,Vendeur_13,9,2127.14,15,C6977,16272.62,0.15,19144.26,2024,4,4881.79
2025-01-28,Casque Audio,High-Tech,Lille,Vendeur_7,9,71.55,25,C2169,482.96,0.25,643.95,2025,1,144.89
2023-12-17,Veste,Mode,Toulouse,Vendeur_6,15,2910.03,15,C5422,37102.88,0.15,43650.45,2023,12,11130.86
2024-03-25,Aspirateur Robot,Électroménager,Lille,Vendeur_2,8,2499.00,30,C1525,13994.40,0.30,19992.00,2024,3,4198.32
2024-10-08,Tablette,High-Tech,Nantes,Vendeur_9,3,644.89,5,C6155,1837.94,0.05,1934.67,2024,10,551.38
2025-10-19,TV 4K,High-Tech,Nantes,Vendeur_15,5,553.66,10,C3287,2491.47,0.10,2768.30,2025,10,747.44
2024-06-22,TV 4K,High-Tech,Nantes,Vendeur_19,13,558.38,10,C4593,6533.05,0.10,7258.94,2024,6,1959.91
2025-11-09,Casque Audio,High-Tech,Strasbourg,Vendeur_3,2,919.68,30,C2796,1287.55,0.30,1839.36,2025,11,386.27
2023-11-24,Casque Audio,High-Tech,Nantes,Vendeur_20,3,1579.02,15,C7252,4026.50,0.15,4737.06,2023,11,1207.95
2025-08-16,Veste,Mode,Bordeaux,Vendeur_18,1,1301.52,25,C2876,976.14,0.25,1301.52,2025,8,292.84
2024-06-30,Sac de Luxe,Mode,Lille,Vendeur_4,10,880.78,15,C3591,7486.63,0.15,8807.80,2024,6,2245.99
2023-01-07,Four,Électroménager,Bordeaux,Vendeur_17,6,1839.44,20,C2743,8829.31,0.20,11036.64,2023,1,2648.79
2024-09-03,Caméra,High-Tech,Toulouse,Vendeur_5,12,427.09,30,C3646,3587.56,0.30,5125.08,2024,9,1076.27
2025-12-22,Chaussures,Mode,Paris,Vendeur_20,11,883.51,15,C1319,8260.82,0.15,9718.61,2025,12,2478.25
2025-01-13,PC Portable,High-Tech,Bordeaux,Vendeur_8,2,1105.42,5,C2290,2100.30,0.05,2210.84,2025,1,630.09
2025-09-22,PC Portable,High-Tech,Lyon,Vendeur_18,5,1373.65,5,C8787,6524.84,0.05,6868.25,2025,9,1957.45
2023-12-05,Chaussures,Mode,Bordeaux,Vendeur_17,20,2357.68,15,C4470,40080.56,0.15,47153.60,2023,12,12024.17
2024-02-16,Aspirateur Robot,Électroménager,Bordeaux,Vendeur_13,12,607.02,15,C9479,6191.60,0.15,7284.24,2024,2,1857.48
2023-09-05,Four,Électroménager,Toulouse,Vendeur_8,3,1547.56,10,C1344,4178.41,0.10,4642.68,2023,9,1253.52
2024-04-16,Veste,Mode,Toulouse,Vendeur_1,3,1781.32,25,C1964,4007.97,0.25,5343.96,2024,4,1202.39
2023-05-19,TV 4K,High-Tech,Paris,Vendeur_11,3,148.89,20,C4899,357.34,0.20,446.67,2023,5,107.20
2025-09-21,Montre Connectée,High-Tech,Toulouse,Vendeur_18,5,1826.56,25,C8744,6849.60,0.25,9132.80,2025,9,2054.88
2025-08-26,TV 4K,High-Tech,Nantes,Vendeur_7,4,519.87,0,C8062,2079.48,0.00,2079.48,2025,8,623.84
2025-05-17,Réfrigérateur,Électroménager,Nantes,Vendeur_15,2,204.50,25,C2612,306.75,0.25,409.00,2025,5,92.02
2025-04-04,Smartphone,High-Tech,Lille,Vendeur_4,8,2847.17,5,C4116,21638.49,0.05,22777.36,2025,4,6491.55
2025-07-07,Chaussures,Mode,Marseille,Vendeur_14,6,2897.24,10,C8579,15645.10,0.10,17383.44,2025,7,4693.53
2023-06-04,TV 4K,High-Tech,Strasbourg,Vendeur_18,4,2427.11,0,C9856,9708.44,0.00,9708.44,2023,6,2912.53
2023-01-31,Caméra,High-Tech,Lyon,Vendeur_8,6,920.80,15,C8956,4696.08,0.15,5524.80,2023,1,1408.82
2024-03-13,Four,Électroménager,Nantes,Vendeur_2,6,302.04,15,C1035,1540.40,0.15,1812.24,2024,3,462.12
2024-06-27,Machine à Laver,Électroménager,Strasbourg,Vendeur_10,14,2055.86,25,C8973,21586.53,0.25,28782.04,2024,6,6475.96
2024-01-24,Casque Audio,High-Tech,Bordeaux,Vendeur_7,2,1326.06,20,C9883,2121.70,0.20,2652.12,2024,1,636.51
2024-10-04,Smartphone,High-Tech,Paris,Vendeur_2,19,374.89,15,C9238,6054.47,0.15,7122.91,2024,10,1816.34
2025-12-23,Aspirateur Robot,Électroménager,Marseille,Vendeur_2,17,1490.58,0,C4044,25339.86,0.00,25339.86,2025,12,7601.96
2023-05-20,PC Portable,High-Tech,Toulouse,Vendeur_13,4,112.82,20,C5033,361.02,0.20,451.28,2023,5,108.31
2023-03-23,Veste,Mode,Lyon,Vendeur_14,19,2728.87,20,C9565,41478.82,0.20,51848.53,2023,3,12443.65
2024-06-18,Réfrigérateur,Électroménager,Toulouse,Vendeur_11,8,783.75,10,C7484,5643.00,0.10,6270.00,2024,6,1692.90
2024-09-06,Casque Audio,High-Tech,Strasbourg,Vendeur_11,3,1990.94,0,C8508,5972.82,0.00,5972.82,2024,9,1791.85
2023-07-24,Veste,Mode,Lyon,Vendeur_18,7,942.02,20,C5345,5275.31,0.20,6594.14,2023,7,1582.59
2024-12-15,Casque Audio,High-Tech,Lyon,Vendeur_8,12,1565.00,10,C3584,16902.00,0.10,18780.00,2024,12,5070.60
2024-09-11,Four,Électroménager,Paris,Vendeur_18,10,1644.66,25,C2697,12334.95,0.25,16446.60,2024,9,3700.48
2023-10-03,Aspirateur Robot,Électroménager,Bordeaux,Vendeur_4,4,562.71,25,C3546,1688.13,0.25,2250.84,2023,10,506.44
2024-07-31,Montre Connectée,High-Tech,Toulouse,Vendeur_11,7,2909.06,25,C5325,15272.57,0.25,20363.42,2024,7,4581.77
2025-09-27,Chaussures,Mode,Bordeaux,Vendeur_2,3,2327.65,25,C7939,5237.21,0.25,6982.95,2025,9,1571.16
2024-07-20,Caméra,High-Tech,Paris,Vendeur_1,11,2819.10,30,C3143,21707.07,0.30,31010.10,2024,7,6512.12
2024-06-20,Sac de Luxe,Mode,Marseille,Vendeur_15,18,2685.53,25,C8007,36254.65,0.25,48339.54,2024,6,10876.40
2023-01-20,Chaussures,Mode,Lyon,Vendeur_3,5,1797.72,20,C1590,7190.88,0.20,8988.60,2023,1,2157.26
2025-01-26,Caméra,High-Tech,Marseille,Vendeur_14,5,2766.40,0,C6050,13832.00,0.00,13832.00,2025,1,4149.60
2023-03-23,Réfrigérateur,Électroménager,Lille,Vendeur_7,8,274.59,25,C2684,1647.54,0.25,2196.72,2023,3,494.26
2025-04-12,Réfrigérateur,Électroménager,Marseille,Vendeur_8,6,595.99,30,C3900,2503.16,0.30,3575.94,2025,4,750.95
2025-04-24,Aspirateur Robot,Électroménager,Paris,Vendeur_6,11,145.23,30,C7745,1118.27,0.30,1597.53,2025,4,335.48
2024-05-23,Tablette,High-Tech,Bordeaux,Vendeur_6,4,982.74,15,C1634,3341.32,0.15,3930.96,2024,5,1002.39
2025-08-21,Caméra,High-Tech,Toulouse,Vendeur_7,15,1172.15,10,C6000,15824.02,0.10,17582.25,2025,8,4747.21
2024-04-11,Caméra,High-Tech,Toulouse,Vendeur_1,7,821.33,15,C6378,4886.91,0.15,5749.31,2024,4,1466.07
2023-05-23,Montre Connectée,High-Tech,Bordeaux,Vendeur_12,17,2487.93,15,C9785,35950.59,0.15,42294.81,2023,5,10785.18
2023-02-26,Réfrigérateur,Électroménager,Lyon,Vendeur_9,6,1076.69,20,C5349,5168.11,0.20,6460.14,2023,2,1550.43
2023-08-11,Smartphone,High-Tech,Nantes,Vendeur_12,11,849.99,15,C9379,7947.41,0.15,9349.89,2023,8,2384.22
2025-02-27,PC Portable,High-Tech,Toulouse,Vendeur_9,2,1632.66,25,C8144,2448.99,0.25,3265.32,2025,2,734.70
2025-11-30,Smartphone,High-Tech,Toulouse,Vendeur_12,14,431.36,0,C6409,6039.04,0.00,6039.04,2025,11,1811.71
2024-10-04,Veste,Mode,Lyon,Vendeur_10,17,2408.57,10,C7691,36851.12,0.10,40945.69,2024,10,11055.34
2025-04-04,Réfrigérateur,Électroménager,Bordeaux,Vendeur_18,5,232.91,5,C7888,1106.32,0.05,1164.55,2025,4,331.90
2025-02-15,Sac de Luxe,Mode,Marseille,Vendeur_20,19,2960.79,10,C7653,50629.51,0.10,56255.01,2025,2,15188.85
2023-01-01,Chaussures,Mode,Bordeaux,Vendeur_10,7,2319.01,15,C6279,13798.11,0.15,16233.07,2023,1,4139.43
2025-06-23,Four,Électroménager,Strasbourg,Vendeur_7,17,604.16,15,C3780,8730.11,0.15,10270.72,2025,6,2619.03
2023-06-23,Sac de Luxe,Mode,Bordeaux,Vendeur_17,20,26.51,10,C2530,477.18,0.10,530.20,2023,6,143.15
2024-04-26,Caméra,High-Tech,Bordeaux,Vendeur_8,7,2448.23,5,C1400,16280.73,0.05,17137.61,2024,4,4884.22
2024-05-16,Smartphone,High-Tech,Strasbourg,Vendeur_20,3,2123.50,15,C7790,5414.93,0.15,6370.50,2024,5,1624.48
2024-02-03,Aspirateur Robot,Électroménager,Nantes,Vendeur_16,13,2189.73,5,C3417,27043.17,0.05,28466.49,2024,2,8112.95
2023-01-12,Sac de Luxe,Mode,Lyon,Vendeur_14,8,2316.10,5,C9486,17602.36,0.05,18528.80,2023,1,5280.71
2023-04-13,Four,Électroménager,Toulouse,Vendeur_4,15,231.39,5,C8612,3297.31,0.05,3470.85,2023,4,989.19
2025-12-23,Sac de Luxe,Mode,Lille,Vendeur_15,20,1081.81,30,C9270,15145.34,0.30,21636.20,2025,12,4543.60
2025-07-02,Machine à Laver,Électroménager,Marseille,Vendeur_16,15,356.45,10,C5050,4812.07,0.10,5346.75,2025,7,1443.62
2024-07-21,Caméra,High-Tech,Strasbourg,Vendeur_8,9,2590.68,15,C2269,19818.70,0.15,23316.12,2024,7,5945.61
2024-08-08,Console,High-Tech,Toulouse,Vendeur_9,11,1873.66,10,C9849,18549.23,0.10,20610.26,2024,8,5564.77
2023-10-11,PC Portable,High-Tech,Marseille,Vendeur_8,13,999.39,25,C3503,9744.05,0.25,12992.07,2023,10,2923.22
2024-03-14,Console,High-Tech,Lyon,Vendeur_14,14,200.04,10,C9890,2520.50,0.10,2800.56,2024,3,756.15
2025-05-01,Four,Électroménager,Paris,Vendeur_7,14,939.84,15,C1320,11184.10,0.15,13157.76,2025,5,3355.23
2025-02-18,Caméra,High-Tech,Strasbourg,Vendeur_1,12,982.30,10,C7389,10608.84,0.10,11787.60,2025,2,3182.65
2025-05-08,Caméra,High-Tech,Toulouse,Vendeur_16,8,2191.52,10,C8140,15778.94,0.10,17532.16,2025,5,4733.68
2023-03-01,Four,Électroménager,Nantes,Vendeur_11,13,1916.30,25,C3704,18683.92,0.25,24911.90,2023,3,5605.18
2025-08-15,Caméra,High-Tech,Marseille,Vendeur_20,18,2662.77,0,C7455,47929.86,0.00,47929.86,2025,8,14378.96
2023-02-25,Veste,Mode,Lyon,Vendeur_14,5,1421.92,30,C8564,4976.72,0.30,7109.60,2023,2,1493.02
2023-04-13,Casque Audio,High-Tech,Bordeaux,Vendeur_13,11,367.59,5,C8449,3841.32,0.05,4043.49,2023,4,1152.39
2024-11-22,Réfrigérateur,Électroménager,Nantes,Vendeur_9,14,2142.60,10,C2341,26996.76,0.10,29996.40,2024,11,8099.03
2023-02-09,Four,Électroménager,Paris,Vendeur_12,8,2284.75,25,C2124,13708.50,0.25,18278.00,2023,2,4112.55
2023-03-24,Tablette,High-Tech,Paris,Vendeur_8,7,1688.22,30,C1333,8272.28,0.30,11817.54,2023,3,2481.68
2023-11-09,Veste,Mode,Toulouse,Vendeur_5,16,2315.19,25,C2874,27782.28,0.25,37043.04,2023,11,8334.68
2024-03-22,Veste,Mode,Strasbourg,Vendeur_9,12,1486.45,5,C2876,16945.53,0.05,17837.40,2024,3,5083.66
2023-12-02,Tablette,High-Tech,Bordeaux,Vendeur_4,19,1572.97,0,C6111,29886.43,0.00,29886.43,2023,12,8965.93
2025-02-07,Veste,Mode,Nantes,Vendeur_7,3,1288.35,20,C4978,3092.04,0.20,3865.05,2025,2,927.61
2024-09-09,PC Portable,High-Tech,Lyon,Vendeur_19,2,86.00,10,C9728,154.80,0.10,172.00,2024,9,46.44
2025-01-28,Machine à Laver,Électroménager,Lyon,Vendeur_17,11,332.60,0,C7882,3658.60,0.00,3658.60,2025,1,1097.58
2025-09-30,Caméra,High-Tech,Lyon,Vendeur_14,12,103.97,25,C8532,935.73,0.25,1247.64,2025,9,280.72
2023-11-10,Console,High-Tech,Nantes,Vendeur_6,17,1912.87,25,C5425,24389.09,0.25,32518.79,2023,11,7316.73
2025-09-17,Veste,Mode,Strasbourg,Vendeur_14,19,949.92,10,C6280,16243.63,0.10,18048.48,2025,9,4873.09
2024-05-17,Caméra,High-Tech,Lyon,Vendeur_9,15,1530.63,5,C8613,21811.48,0.05,22959.45,2024,5,6543.44
2025-02-15,Veste,Mode,Lille,Vendeur_1,16,2723.62,30,C6325,30504.54,0.30,43577.92,2025,2,9151.36
2025-09-25,Casque Audio,High-Tech,Toulouse,Vendeur_12,9,755.38,10,C5581,6118.58,0.10,6798.42,2025,9,1835.57
2024-07-19,Aspirateur Robot,Électroménager,Paris,Vendeur_17,7,1237.04,0,C4954,8659.28,0.00,8659.28,2024,7,2597.78
2025-04-12,Console,High-Tech,Strasbourg,Vendeur_18,8,2269.10,25,C8800,13614.60,0.25,18152.80,2025,4,4084.38
2025-10-02,Sac de Luxe,Mode,Strasbourg,Vendeur_1,3,694.11,10,C4630,1874.10,0.10,2082.33,2025,10,562.23
2024-05-13,Machine à Laver,Électroménager,Bordeaux,Vendeur_19,12,240.17,15,C9698,2449.73,0.15,2882.04,2024,5,734.92
2025-05-21,Réfrigérateur,Électroménager,Lille,Vendeur_12,15,876.36,10,C6023,11830.86,0.10,13145.40,2025,5,3549.26
2024-04-17,Montre Connectée,High-Tech,Lyon,Vendeur_7,11,492.05,0,C9779,5412.55,0.00,5412.55,2024,4,1623.76
2024-01-15,Tablette,High-Tech,Toulouse,Vendeur_7,16,2789.80,10,C9595,40173.12,0.10,44636.80,2024,1,12051.94
2024-08-02,Veste,Mode,Lyon,Vendeur_7,10,2426.28,5,C6912,23049.66,0.05,24262.80,2024,8,6914.90
2024-09-11,Casque Audio,High-Tech,Paris,Vendeur_18,5,1903.88,10,C1745,8567.46,0.10,9519.40,2024,9,2570.24
2024-08-21,Smartphone,High-Tech,Marseille,Vendeur_16,4,2615.67,30,C1200,7323.88,0.30,10462.68,2024,8,2197.16
2024-08-05,Veste,Mode,Strasbourg,Vendeur_16,15,2412.98,10,C4020,32575.23,0.10,36194.70,2024,8,9772.57
2024-06-01,Smartphone,High-Tech,Strasbourg,Vendeur_4,3,567.84,15,C9056,1447.99,0.15,1703.52,2024,6,434.40
2023-04-20,PC Portable,High-Tech,Marseille,Vendeur_5,19,2678.75,10,C2395,45806.62,0.10,50896.25,2023,4,13741.99
2023-08-31,TV 4K,High-Tech,Nantes,Vendeur_20,20,1622.63,30,C4697,22716.82,0.30,32452.60,2023,8,6815.05
2025-12-06,Tablette,High-Tech,Nantes,Vendeur_15,15,2424.25,10,C8025,32727.38,0.10,36363.75,2025,12,9818.21
2023-05-04,Montre Connectée,High-Tech,Lyon,Vendeur_7,7,2689.31,10,C2330,16942.65,0.10,18825.17,2023,5,5082.80
2024-05-06,Casque Audio,High-Tech,Marseille,Vendeur_18,3,960.83,5,C1043,2738.37,0.05,2882.49,2024,5,821.51
2025-07-11,Machine à Laver,Électroménager,Strasbourg,Vendeur_10,2,339.06,5,C5720,644.21,0.05,678.12,2025,7,193.26
2024-08-02,Console,High-Tech,Strasbourg,Vendeur_3,8,691.53,10,C4241,4979.02,0.10,5532.24,2024,8,1493.70
2023-08-24,Machine à Laver,Électroménager,Toulouse,Vendeur_5,9,1287.05,30,C3330,8108.41,0.30,11583.45,2023,8,2432.52
2023-05-03,PC Portable,High-Tech,Marseille,Vendeur_10,20,2455.86,25,C5728,36837.90,0.25,49117.20,2023,5,11051.37
2023-09-12,Four,Électroménager,Strasbourg,Vendeur_10,13,2583.58,10,C9199,30227.89,0.10,33586.54,2023,9,9068.37
2025-10-08,Chaussures,Mode,Strasbourg,Vendeur_3,20,30.79,0,C8078,615.80,0.00,615.80,2025,10,184.74
2024-10-22,Console,High-Tech,Bordeaux,Vendeur_1,3,1537.13,5,C1339,4380.82,0.05,4611.39,2024,10,1314.25
2024-07-05,Tablette,High-Tech,Paris,Vendeur_6,16,1258.06,20,C8245,16103.17,0.20,20128.96,2024,7,4830.95
2024-07-23,Aspirateur Robot,Électroménager,Marseille,Vendeur_19,14,674.10,25,C9056,7078.05,0.25,9437.40,2024,7,2123.41
2025-08-20,PC Portable,High-Tech,Lille,Vendeur_14,11,368.40,10,C2713,3647.16,0.10,4052.40,2025,8,1094.15
2023-11-26,Caméra,High-Tech,Lille,Vendeur_14,16,1019.47,10,C7561,14680.37,0.10,16311.52,2023,11,4404.11
2023-03-17,Caméra,High-Tech,Strasbourg,Vendeur_3,11,2829.30,10,C6296,28010.07,0.10,31122.30,2023,3,8403.02
2025-04-07,PC Portable,High-Tech,Paris,Vendeur_18,15,976.38,15,C1888,12448.84,0.15,14645.70,2025,4,3734.65
2025-11-27,TV 4K,High-Tech,Lille,Vendeur_20,16,1561.18,25,C8242,18734.16,0.25,24978.88,2025,11,5620.25
2023-04-16,Tablette,High-Tech,Toulouse,Vendeur_9,18,2112.03,5,C5719,36115.71,0.05,38016.54,2023,4,10834.71
2025-09-19,Four,Électroménager,Lyon,Vendeur_1,20,1097.25,30,C4920,15361.50,0.30,21945.00,2025,9,4608.45
2023-11-21,Console,High-Tech,Bordeaux,Vendeur_18,1,2915.63,20,C7684,2332.50,0.20,2915.63,2023,11,699.75
2024-04-05,PC Portable,High-Tech,Lyon,Vendeur_15,4,2887.72,25,C3522,8663.16,0.25,11550.88,2024,4,2598.95
2024-08-20,Four,Électroménager,Bordeaux,Vendeur_14,16,762.83,15,C4993,10374.49,0.15,12205.28,2024,8,3112.35
2023-10-24,Four,Électroménager,Nantes,Vendeur_7,20,1496.77,20,C3236,23948.32,0.20,29935.40,2023,10,7184.50
2023-05-23,Caméra,High-Tech,Bordeaux,Vendeur_14,11,909.63,30,C9318,7004.15,0.30,10005.93,2023,5,2101.25
2023-01-06,Montre Connectée,High-Tech,Bordeaux,Vendeur_10,19,861.67,20,C9022,13097.38,0.20,16371.73,2023,1,3929.22
2023-11-01,Caméra,High-Tech,Strasbourg,Vendeur_18,16,120.29,10,C6446,1732.18,0.10,1924.64,2023,11,519.65
2025-02-11,Chaussures,Mode,Strasbourg,Vendeur_11,7,1832.60,25,C4912,9621.15,0.25,12828.20,2025,2,2886.34
2025-02-23,Veste,Mode,Toulouse,Vendeur_14,2,1513.01,10,C8749,2723.42,0.10,3026.02,2025,2,817.03
2025-02-19,Console,High-Tech,Nantes,Vendeur_5,16,163.92,0,C3068,2622.72,0.00,2622.72,2025,2,786.82
2024-11-10,Chaussures,Mode,Lyon,Vendeur_15,4,843.15,20,C8486,2698.08,0.20,3372.60,2024,11,809.42
2023-10-23,Smartphone,High-Tech,Nantes,Vendeur_5,3,2725.71,15,C5342,6950.56,0.15,8177.13,2023,10,2085.17
2025-03-25,Réfrigérateur,Électroménager,Lyon,Vendeur_11,18,726.29,15,C6188,11112.24,0.15,13073.22,2025,3,3333.67
2025-09-26,Sac de Luxe,Mode,Paris,Vendeur_20,3,443.24,5,C5708,1263.23,0.05,1329.72,2025,9,378.97
2023-07-05,TV 4K,High-Tech,Nantes,Vendeur_4,4,1473.46,15,C3725,5009.76,0.15,5893.84,2023,7,1502.93
2024-09-05,Console,High-Tech,Paris,Vendeur_2,11,2957.09,30,C1919,22769.59,0.30,32527.99,2024,9,6830.88
2025-01-04,Montre Connectée,High-Tech,Lille,Vendeur_14,5,733.75,5,C9702,3485.31,0.05,3668.75,2025,1,1045.59
2024-01-04,Machine à Laver,Électroménager,Marseille,Vendeur_6,3,2019.69,20,C7267,4847.26,0.20,6059.07,2024,1,1454.18
2024-05-08,Veste,Mode,Strasbourg,Vendeur_19,5,2287.24,5,C8555,10864.39,0.05,11436.20,2024,5,3259.32
2024-06-04,Sac de Luxe,Mode,Strasbourg,Vendeur_9,1,720.54,30,C8622,504.38,0.30,720.54,2024,6,151.31
2024-08-12,Aspirateur Robot,Électroménager,Marseille,Vendeur_3,15,2187.37,10,C5901,29529.49,0.10,32810.55,2024,8,8858.85
2025-05-18,Sac de Luxe,Mode,Bordeaux,Vendeur_15,10,1109.67,5,C7302,10541.86,0.05,11096.70,2025,5,3162.56
2025-09-16,Caméra,High-Tech,Lyon,Vendeur_8,13,1900.59,20,C6881,19766.14,0.20,24707.67,2025,9,5929.84
2024-08-28,Veste,Mode,Bordeaux,Vendeur_1,13,1904.25,10,C1132,22279.72,0.10,24755.25,2024,8,6683.92
2023-04-11,Veste,Mode,Strasbourg,Vendeur_10,8,1611.97,20,C6772,10316.61,0.20,12895.76,2023,4,3094.98
2024-01-25,TV 4K,High-Tech,Bordeaux,Vendeur_5,4,279.97,25,C1645,839.91,0.25,1119.88,2024,1,251.97
2025-06-21,Montre Connectée,High-Tech,Paris,Vendeur_19,12,2507.55,25,C3153,22567.95,0.25,30090.60,2025,6,6770.38
2024-08-27,PC Portable,High-Tech,Lille,Vendeur_14,6,969.13,5,C3165,5524.04,0.05,5814.78,2024,8,1657.21
2025-01-19,Tablette,High-Tech,Bordeaux,Vendeur_6,9,567.69,30,C8894,3576.45,0.30,5109.21,2025,1,1072.93
2024-08-27,Tablette,High-Tech,Lille,Vendeur_4,15,131.92,0,C3306,1978.80,0.00,1978.80,2024,8,593.64
2024-04-07,Tablette,High-Tech,Nantes,Vendeur_18,12,1776.77,0,C7464,21321.24,0.00,21321.24,2024,4,6396.37
2024-06-25,Smartphone,High-Tech,Lyon,Vendeur_15,12,2035.92,25,C5295,18323.28,0.25,24431.04,2024,6,5496.98
2025-02-19,Veste,Mode,Lille,Vendeur_4,8,59.60,15,C1410,405.28,0.15,476.80,2025,2,121.58
2024-11-02,Veste,Mode,Toulouse,Vendeur_3,15,1541.16,25,C5951,17338.05,0.25,23117.40,2024,11,5201.42
2025-04-16,Sac de Luxe,Mode,Lyon,Vendeur_5,2,687.22,0,C5986,1374.44,0.00,1374.44,2025,4,412.33
2023-08-26,Four,Électroménager,Lyon,Vendeur_8,18,1939.07,5,C7367,33158.10,0.05,34903.26,2023,8,9947.43
2025-01-29,Four,Électroménager,Nantes,Vendeur_19,5,531.36,15,C2622,2258.28,0.15,2656.80,2025,1,677.48
2025-09-29,Caméra,High-Tech,Nantes,Vendeur_9,2,2075.90,25,C7070,3113.85,0.25,4151.80,2025,9,934.16
2025-06-27,TV 4K,High-Tech,Strasbourg,Vendeur_8,12,1166.34,0,C7018,13996.08,0.00,13996.08,2025,6,4198.82
2025-01-04,Chaussures,Mode,Paris,Vendeur_13,9,2810.82,5,C3001,24032.51,0.05,25297.38,2025,1,7209.75
2025-07-20,Caméra,High-Tech,Lyon,Vendeur_7,20,421.19,0,C1828,8423.80,0.00,8423.80,2025,7,2527.14
2024-11-14,Tablette,High-Tech,Toulouse,Vendeur_5,19,1029.79,5,C2124,18587.71,0.05,19566.01,2024,11,5576.31
2024-02-29,Caméra,High-Tech,Toulouse,Vendeur_8,11,349.29,30,C3417,2689.53,0.30,3842.19,2024,2,806.86
2023-01-06,Tablette,High-Tech,Bordeaux,Vendeur_5,5,2774.83,20,C5106,11099.32,0.20,13874.15,2023,1,3329.80
2023-12-24,Tablette,High-Tech,Lyon,Vendeur_1,5,2633.24,0,C6869,13166.20,0.00,13166.20,2023,12,3949.86
2024-05-02,Tablette,High-Tech,Lille,Vendeur_1,6,781.25,10,C1858,4218.75,0.10,4687.50,2024,5,1265.62
2025-05-12,Casque Audio,High-Tech,Lyon,Vendeur_3,16,1983.35,15,C6931,26973.56,0.15,31733.60,2025,5,8092.07
2023-08-12,Chaussures,Mode,Strasbourg,Vendeur_17,8,2453.49,20,C1710,15702.34,0.20,19627.92,2023,8,4710.70
2025-12-03,Console,High-Tech,Bordeaux,Vendeur_15,1,1670.05,0,C8847,1670.05,0.00,1670.05,2025,12,501.02
2025-04-02,Caméra,High-Tech,Nantes,Vendeur_4,16,1593.66,25,C8267,19123.92,0.25,25498.56,2025,4,5737.18
2023-06-15,PC Portable,High-Tech,Lille,Vendeur_20,5,733.14,0,C3067,3665.70,0.00,3665.70,2023,6,1099.71
2024-10-27,Montre Connectée,High-Tech,Nantes,Vendeur_20,17,288.38,10,C8433,4412.21,0.10,4902.46,2024,10,1323.66
2025-05-31,Chaussures,Mode,Lyon,Vendeur_4,18,2692.68,25,C4522,36351.18,0.25,48468.24,2025,5,10905.35
2025-07-13,Machine à Laver,Électroménager,Toulouse,Vendeur_14,11,2702.25,30,C8430,20807.33,0.30,29724.75,2025,7,6242.20
2025-05-01,Machine à Laver,Électroménager,Lyon,Vendeur_11,14,1902.97,10,C5176,23977.42,0.10,26641.58,2025,5,7193.23
2023-11-09,Réfrigérateur,Électroménager,Strasbourg,Vendeur_3,3,1023.70,30,C2398,2149.77,0.30,3071.10,2023,11,644.93
2025-06-03,PC Portable,High-Tech,Lyon,Vendeur_12,5,1054.14,20,C1982,4216.56,0.20,5270.70,2025,6,1264.97
2024-11-06,Veste,Mode,Lyon,Vendeur_14,12,2180.61,30,C7929,18317.12,0.30,26167.32,2024,11,5495.14
2023-04-16,Caméra,High-Tech,Bordeaux,Vendeur_20,10,2692.36,10,C2697,24231.24,0.10,26923.60,2023,4,7269.37
2025-11-05,Veste,Mode,Toulouse,Vendeur_5,16,2662.39,5,C2773,40468.33,0.05,42598.24,2025,11,12140.50
2025-01-22,Réfrigérateur,Électroménager,Lyon,Vendeur_9,19,2341.83,5,C8030,42270.03,0.05,44494.77,2025,1,12681.01
2023-02-23,Caméra,High-Tech,Bordeaux,Vendeur_1,6,1929.67,10,C6062,10420.22,0.10,11578.02,2023,2,3126.07
2024-11-26,Aspirateur Robot,Électroménager,Lille,Vendeur_1,6,261.58,30,C3347,1098.64,0.30,1569.48,2024,11,329.59
2025-03-31,Veste,Mode,Lyon,Vendeur_5,1,493.27,0,C9691,493.27,0.00,493.27,2025,3,147.98
2025-02-09,TV 4K,High-Tech,Nantes,Vendeur_15,11,2696.68,5,C7062,28180.31,0.05,29663.48,2025,2,8454.09
2024-10-26,Montre Connectée,High-Tech,Lyon,Vendeur_2,5,1823.22,5,C1815,8660.30,0.05,9116.10,2024,10,2598.09
2023-06-17,Sac de Luxe,Mode,Bordeaux,Vendeur_15,14,37.50,15,C8242,446.25,0.15,525.00,2023,6,133.88
2024-07-13,Machine à Laver,Électroménager,Toulouse,Vendeur_17,4,313.40,10,C8043,1128.24,0.10,1253.60,2024,7,338.47
2024-08-03,PC Portable,High-Tech,Strasbourg,Vendeur_17,10,1993.87,0,C4612,19938.70,0.00,19938.70,2024,8,5981.61
2023-04-23,Machine à Laver,Électroménager,Paris,Vendeur_7,10,25.13,5,C3248,238.74,0.05,251.30,2023,4,71.62
2024-06-07,Tablette,High-Tech,Bordeaux,Vendeur_11,4,490.82,0,C9149,1963.28,0.00,1963.28,2024,6,588.98
2025-05-31,Console,High-Tech,Marseille,Vendeur_5,13,1650.71,20,C4770,17167.38,0.20,21459.23,2025,5,5150.22
2024-12-26,Chaussures,Mode,Lyon,Vendeur_13,2,2078.77,15,C1307,3533.91,0.15,4157.54,2024,12,1060.17
2023-06-09,Four,Électroménager,Lille,Vendeur_19,14,1959.36,20,C7626,21944.83,0.20,27431.04,2023,6,6583.45
2025-05-05,Console,High-Tech,Bordeaux,Vendeur_4,13,680.57,0,C6321,8847.41,0.00,8847.41,2025,5,2654.22
2025-07-31,Casque Audio,High-Tech,Lille,Vendeur_3,14,2139.42,30,C2734,20966.32,0.30,29951.88,2025,7,6289.89
2025-06-11,TV 4K,High-Tech,Nantes,Vendeur_17,3,719.37,15,C6083,1834.39,0.15,2158.11,2025,6,550.32
2024-11-26,Console,High-Tech,Toulouse,Vendeur_11,6,982.95,0,C9363,5897.70,0.00,5897.70,2024,11,1769.31
2023-08-22,Sac de Luxe,Mode,Toulouse,Vendeur_12,12,2242.01,25,C3419,20178.09,0.25,26904.12,2023,8,6053.43
2023-07-30,TV 4K,High-Tech,Marseille,Vendeur_9,7,1952.40,5,C3504,12983.46,0.05,13666.80,2023,7,3895.04
2023-06-04,Tablette,High-Tech,Marseille,Vendeur_16,15,2549.18,30,C8354,26766.39,0.30,38237.70,2023,6,8029.92
2024-10-23,Sac de Luxe,Mode,Lille,Vendeur_5,15,1976.26,0,C8682,29643.90,0.00,29643.90,2024,10,8893.17
2024-09-12,Four,Électroménager,Bordeaux,Vendeur_19,2,1709.24,10,C9312,3076.63,0.10,3418.48,2024,9,922.99
2024-09-27,PC Portable,High-Tech,Strasbourg,Vendeur_15,2,290.09,0,C7041,580.18,0.00,580.18,2024,9,174.05
2024-08-10,Caméra,High-Tech,Lyon,Vendeur_3,20,1109.47,20,C9307,17751.52,0.20,22189.40,2024,8,5325.46
2025-08-05,Machine à Laver,Électroménager,Paris,Vendeur_15,19,802.96,25,C4084,11442.18,0.25,15256.24,2025,8,3432.65
2025-09-01,Réfrigérateur,Électroménager,Marseille,Vendeur_2,15,739.53,0,C6626,11092.95,0.00,11092.95,2025,9,3327.88
2023-06-22,Console,High-Tech,Marseille,Vendeur_2,8,2919.30,25,C8172,17515.80,0.25,23354.40,2023,6,5254.74
2025-12-09,Four,Électroménager,Marseille,Vendeur_12,12,1185.36,10,C7347,12801.89,0.10,14224.32,2025,12,3840.57
2024-11-23,Machine à Laver,Électroménager,Paris,Vendeur_11,3,2677.22,10,C2548,7228.49,0.10,8031.66,2024,11,2168.55
2025-03-02,Chaussures,Mode,Bordeaux,Vendeur_9,20,1897.10,30,C3463,26559.40,0.30,37942.00,2025,3,7967.82
2023-06-16,Réfrigérateur,Électroménager,Marseille,Vendeur_12,10,2386.49,25,C7421,17898.67,0.25,23864.90,2023,6,5369.60
2023-06-23,Casque Audio,High-Tech,Bordeaux,Vendeur_18,13,1512.88,25,C6381,14750.58,0.25,19667.44,2023,6,4425.17
2023-09-19,Caméra,High-Tech,Lyon,Vendeur_14,17,1734.94,10,C1298,26544.58,0.10,29493.98,2023,9,7963.37
2024-09-24,Réfrigérateur,Électroménager,Marseille,Vendeur_7,11,1482.63,30,C8967,11416.25,0.30,16308.93,2024,9,3424.88
2024-04-08,TV 4K,High-Tech,Marseille,Vendeur_5,3,593.78,10,C2657,1603.21,0.10,1781.34,2024,4,480.96
2025-12-14,Chaussures,Mode,Paris,Vendeur_11,20,2170.13,5,C7172,41232.47,0.05,43402.60,2025,12,12369.74
2023-11-29,Casque Audio,High-Tech,Marseille,Vendeur_20,6,849.51,25,C8170,3822.80,0.25,5097.06,2023,11,1146.84
2025-04-21,Smartphone,High-Tech,Lille,Vendeur_8,15,82.70,20,C5668,992.40,0.20,1240.50,2025,4,297.72
2025-07-08,Tablette,High-Tech,Toulouse,Vendeur_18,8,1939.96,10,C8684,13967.71,0.10,15519.68,2025,7,4190.31
2024-02-02,Aspirateur Robot,Électroménager,Lille,Vendeur_19,15,539.56,15,C5616,6879.39,0.15,8093.40,2024,2,2063.82
2025-02-21,Tablette,High-Tech,Nantes,Vendeur_6,7,2821.97,30,C3267,13827.65,0.30,19753.79,2025,2,4148.30
2024-05-27,Caméra,High-Tech,Paris,Vendeur_16,12,2862.25,20,C2680,27477.60,0.20,34347.00,2024,5,8243.28
2025-11-22,Console,High-Tech,Lyon,Vendeur_10,3,2745.44,30,C3626,5765.42,0.30,8236.32,2025,11,1729.63
2025-07-09,Montre Connectée,High-Tech,Marseille,Vendeur_14,3,1116.77,5,C8391,3182.79,0.05,3350.31,2025,7,954.84
2024-12-16,Aspirateur Robot,Électroménager,Paris,Vendeur_14,2,56.22,15,C9224,95.57,0.15,112.44,2024,12,28.67
2024-04-27,Réfrigérateur,Électroménager,Nantes,Vendeur_3,12,2785.67,5,C1461,31756.64,0.05,33428.04,2024,4,9526.99
2023-07-22,Réfrigérateur,Électroménager,Lille,Vendeur_5,5,1290.27,0,C5700,6451.35,0.00,6451.35,2023,7,1935.40
2025-08-25,Aspirateur Robot,Électroménager,Marseille,Vendeur_16,15,2900.30,20,C1086,34803.60,0.20,43504.50,2025,8,10441.08
2023-06-12,Aspirateur Robot,Électroménager,Paris,Vendeur_9,7,2891.22,30,C3449,14166.98,0.30,20238.54,2023,6,4250.09
2025-12-16,Chaussures,Mode,Nantes,Vendeur_4,10,2560.50,5,C5934,24324.75,0.05,25605.00,2025,12,7297.42
2023-04-08,PC Portable,High-Tech,Toulouse,Vendeur_14,20,890.40,15,C2029,15136.80,0.15,17808.00,2023,4,4541.04
2025-10-20,PC Portable,High-Tech,Paris,Vendeur_17,19,1161.44,5,C3352,20963.99,0.05,22067.36,2025,10,6289.20
2025-05-29,Montre Connectée,High-Tech,Paris,Vendeur_20,12,2554.90,5,C7825,29125.86,0.05,30658.80,2025,5,8737.76
2023-06-25,Casque Audio,High-Tech,Lille,Vendeur_3,17,957.60,20,C9312,13023.36,0.20,16279.20,2023,6,3907.01
2025-11-05,Tablette,High-Tech,Paris,Vendeur_13,16,516.78,0,C7338,8268.48,0.00,8268.48,2025,11,2480.54
2024-06-03,Réfrigérateur,Électroménager,Paris,Vendeur_12,3,1674.84,10,C4950,4522.07,0.10,5024.52,2024,6,1356.62
2023-08-01,Console,High-Tech,Lille,Vendeur_5,2,2809.10,10,C9945,5056.38,0.10,5618.20,2023,8,1516.91
2023-12-25,Réfrigérateur,Électroménager,Strasbourg,Vendeur_16,6,2091.13,30,C3209,8782.75,0.30,12546.78,2023,12,2634.82
2025-07-26,PC Portable,High-Tech,Paris,Vendeur_10,7,1714.48,0,C4268,12001.36,0.00,12001.36,2025,7,3600.41
2023-03-27,Aspirateur Robot,Électroménager,Lille,Vendeur_10,17,300.56,15,C9897,4343.09,0.15,5109.52,2023,3,1302.93
2024-06-02,Four,Électroménager,Paris,Vendeur_7,10,1848.87,10,C1783,16639.83,0.10,18488.70,2024,6,4991.95
2024-11-10,Caméra,High-Tech,Bordeaux,Vendeur_4,12,2970.26,15,C7553,30296.65,0.15,35643.12,2024,11,9089.00
2025-06-19,Console,High-Tech,Nantes,Vendeur_11,6,428.85,15,C9151,2187.14,0.15,2573.10,2025,6,656.14
2025-11-29,Réfrigérateur,Électroménager,Bordeaux,Vendeur_3,14,1559.81,0,C8055,21837.34,0.00,21837.34,2025,11,6551.20
2024-01-05,Veste,Mode,Bordeaux,Vendeur_11,4,2633.35,0,C6372,10533.40,0.00,10533.40,2024,1,3160.02
2024-08-28,Sac de Luxe,Mode,Bordeaux,Vendeur_15,20,2224.90,25,C7981,33373.50,0.25,44498.00,2024,8,10012.05
2025-06-28,Casque Audio,High-Tech,Lille,Vendeur_15,2,2094.08,25,C6776,3141.12,0.25,4188.16,2025,6,942.34
2025-06-09,Veste,Mode,Bordeaux,Vendeur_2,3,2110.43,25,C7655,4748.47,0.25,6331.29,2025,6,1424.54
2025-11-16,Réfrigérateur,Électroménager,Marseille,Vendeur_1,5,1084.88,30,C8179,3797.08,0.30,5424.40,2025,11,1139.12
2023-09-16,Smartphone,High-Tech,Lyon,Vendeur_8,12,887.84,10,C7272,9588.67,0.10,10654.08,2023,9,2876.60
2023-03-08,Veste,Mode,Marseille,Vendeur_15,12,2429.99,10,C8273,26243.89,0.10,29159.88,2023,3,7873.17
2023-06-07,Tablette,High-Tech,Marseille,Vendeur_17,12,2432.24,15,C6150,24808.85,0.15,29186.88,2023,6,7442.65
2024-07-24,Sac de Luxe,Mode,Toulouse,Vendeur_4,1,2602.55,25,C4048,1951.91,0.25,2602.55,2024,7,585.57
2025-11-26,Four,Électroménager,Nantes,Vendeur_18,4,2740.59,10,C5264,9866.12,0.10,10962.36,2025,11,2959.84
2025-07-02,Console,High-Tech,Toulouse,Vendeur_20,10,1538.91,25,C9047,11541.83,0.25,15389.10,2025,7,3462.55
2023-09-09,TV 4K,High-Tech,Marseille,Vendeur_3,15,1509.53,5,C8292,21510.80,0.05,22642.95,2023,9,6453.24
2024-10-16,PC Portable,High-Tech,Lille,Vendeur_3,18,2396.90,20,C5757,34515.36,0.20,43144.20,2024,10,10354.61
2024-09-06,Aspirateur Robot,Électroménager,Marseille,Vendeur_6,12,1953.39,20,C4673,18752.54,0.20,23440.68,2024,9,5625.76
2024-02-16,PC Portable,High-Tech,Marseille,Vendeur_8,16,2108.88,0,C6912,33742.08,0.00,33742.08,2024,2,10122.62
2025-01-25,Chaussures,Mode,Strasbourg,Vendeur_18,5,2389.42,20,C2412,9557.68,0.20,11947.10,2025,1,2867.30
2024-09-25,PC Portable,High-Tech,Nantes,Vendeur_16,17,2671.12,15,C7708,38597.68,0.15,45409.04,2024,9,11579.31
2023-06-01,Caméra,High-Tech,Marseille,Vendeur_11,3,1020.61,15,C8632,2602.56,0.15,3061.83,2023,6,780.77
2025-11-25,Sac de Luxe,Mode,Lille,Vendeur_5,18,1132.99,25,C3981,15295.36,0.25,20393.82,2025,11,4588.61
2023-09-22,Tablette,High-Tech,Nantes,Vendeur_17,2,291.01,30,C3034,407.41,0.30,582.02,2023,9,122.22
2023-11-10,Chaussures,Mode,Bordeaux,Vendeur_6,6,1739.06,10,C4694,9390.92,0.10,10434.36,2023,11,2817.28
2025-11-28,Réfrigérateur,Électroménager,Bordeaux,Vendeur_3,9,117.47,5,C5496,1004.37,0.05,1057.23,2025,11,301.31
2024-09-12,Casque Audio,High-Tech,Lyon,Vendeur_17,6,1402.14,20,C3526,6730.27,0.20,8412.84,2024,9,2019.08
2024-11-22,Casque Audio,High-Tech,Paris,Vendeur_1,3,1632.51,0,C5336,4897.53,0.00,4897.53,2024,11,1469.26
2024-03-07,Sac de Luxe,Mode,Nantes,Vendeur_20,1,866.76,15,C9938,736.75,0.15,866.76,2024,3,221.02
2024-09-10,Montre Connectée,High-Tech,Strasbourg,Vendeur_8,13,1776.59,10,C8430,20786.10,0.10,23095.67,2024,9,6235.83
2023-05-03,PC Portable,High-Tech,Marseille,Vendeur_15,14,101.20,15,C8609,1204.28,0.15,1416.80,2023,5,361.28
2024-11-27,TV 4K,High-Tech,Marseille,Vendeur_11,11,121.67,25,C6658,1003.78,0.25,1338.37,2024,11,301.13
2023-09-25,Machine à Laver,Électroménager,Lille,Vendeur_17,18,2469.58,0,C6228,44452.44,0.00,44452.44,2023,9,13335.73
2025-08-13,TV 4K,High-Tech,Lyon,Vendeur_9,15,1086.97,5,C3308,15489.32,0.05,16304.55,2025,8,4646.80
2023-04-14,PC Portable,High-Tech,Bordeaux,Vendeur_13,20,389.91,15,C5067,6628.47,0.15,7798.20,2023,4,1988.54
2023-11-24,Caméra,High-Tech,Lille,Vendeur_19,11,1571.51,5,C3610,16422.28,0.05,17286.61,2023,11,4926.68
2025-11-20,Four,Électroménager,Strasbourg,Vendeur_16,10,2312.28,15,C1379,19654.38,0.15,23122.80,2025,11,5896.31
2025-03-16,PC Portable,High-Tech,Strasbourg,Vendeur_8,7,655.30,20,C6781,3669.68,0.20,4587.10,2025,3,1100.90
2023-04-14,Smartphone,High-Tech,Bordeaux,Vendeur_16,20,1872.44,30,C8710,26214.16,0.30,37448.80,2023,4,7864.25
2023-01-17,Montre Connectée,High-Tech,Lyon,Vendeur_14,5,265.19,10,C6992,1193.36,0.10,1325.95,2023,1,358.01
2025-04-05,Tablette,High-Tech,Lille,Vendeur_2,13,164.53,0,C4189,2138.89,0.00,2138.89,2025,4,641.67
2024-08-14,Réfrigérateur,Électroménager,Lyon,Vendeur_13,17,1598.75,15,C5582,23101.94,0.15,27178.75,2024,8,6930.58
2023-09-01,Caméra,High-Tech,Marseille,Vendeur_4,13,1626.50,10,C6555,19030.05,0.10,21144.50,2023,9,5709.02
2025-01-18,Chaussures,Mode,Marseille,Vendeur_7,20,1915.92,20,C7576,30654.72,0.20,38318.40,2025,1,9196.42
2023-03-24,Chaussures,Mode,Paris,Vendeur_2,5,2181.01,25,C6456,8178.79,0.25,10905.05,2023,3,2453.64
2025-08-28,Tablette,High-Tech,Strasbourg,Vendeur_5,20,2927.80,20,C3290,46844.80,0.20,58556.00,2025,8,14053.44
2024-10-14,Réfrigérateur,Électroménager,Marseille,Vendeur_13,20,1553.74,25,C5902,23306.10,0.25,31074.80,2024,10,6991.83
2024-11-19,Veste,Mode,Strasbourg,Vendeur_19,10,975.64,15,C1272,8292.94,0.15,9756.40,2024,11,2487.88
2024-11-09,Réfrigérateur,Électroménager,Lyon,Vendeur_14,19,2387.61,10,C1436,40828.13,0.10,45364.59,2024,11,12248.44
2025-08-29,Veste,Mode,Bordeaux,Vendeur_19,19,819.79,5,C1841,14797.21,0.05,15576.01,2025,8,4439.16
2025-09-10,Veste,Mode,Marseille,Vendeur_17,20,1322.52,30,C7229,18515.28,0.30,26450.40,2025,9,5554.58
2024-05-11,Casque Audio,High-Tech,Paris,Vendeur_19,4,244.58,5,C1310,929.40,0.05,978.32,2024,5,278.82
2024-10-04,Four,Électroménager,Nantes,Vendeur_5,14,85.80,25,C4340,900.90,0.25,1201.20,2024,10,270.27
2025-10-24,Machine à Laver,Électroménager,Strasbourg,Vendeur_2,5,2888.32,20,C4397,11553.28,0.20,14441.60,2025,10,3465.98
2024-10-27,Chaussures,Mode,Strasbourg,Vendeur_17,13,2509.58,10,C3837,29362.09,0.10,32624.54,2024,10,8808.63
2025-12-27,Four,Électroménager,Lille,Vendeur_18,12,2090.96,25,C5331,18818.64,0.25,25091.52,2025,12,5645.59
2025-09-18,Veste,Mode,Toulouse,Vendeur_8,9,1232.77,20,C5890,8875.94,0.20,11094.93,2025,9,2662.78
2024-09-01,TV 4K,High-Tech,Bordeaux,Vendeur_7,16,528.15,10,C8861,7605.36,0.10,8450.40,2024,9,2281.61
2024-07-14,Réfrigérateur,Électroménager,Bordeaux,Vendeur_4,19,477.75,25,C9899,6807.94,0.25,9077.25,2024,7,2042.38
2025-03-19,Machine à Laver,Électroménager,Lille,Vendeur_5,10,758.23,0,C5712,7582.30,0.00,7582.30,2025,3,2274.69
2023-06-11,Console,High-Tech,Lille,Vendeur_15,9,1652.19,25,C8849,11152.28,0.25,14869.71,2023,6,3345.68
2024-02-18,TV 4K,High-Tech,Bordeaux,Vendeur_18,9,2146.64,5,C2789,18353.77,0.05,19319.76,2024,2,5506.13
2024-05-05,Veste,Mode,Toulouse,Vendeur_2,17,1983.99,5,C4814,32041.44,0.05,33727.83,2024,5,9612.43
2023-07-25,Smartphone,High-Tech,Nantes,Vendeur_11,16,847.00,0,C3252,13552.00,0.00,13552.00,2023,7,4065.60
2023-11-20,Smartphone,High-Tech,Nantes,Vendeur_16,16,2865.05,25,C4267,34380.60,0.25,45840.80,2023,11,10314.18
2024-08-11,Tablette,High-Tech,Lille,Vendeur_10,2,2216.31,30,C2465,3102.83,0.30,4432.62,2024,8,930.85
2024-04-20,Sac de Luxe,Mode,Paris,Vendeur_6,14,1667.52,30,C3880,16341.70,0.30,23345.28,2024,4,4902.51
2023-03-16,Aspirateur Robot,Électroménager,Nantes,Vendeur_16,6,1839.05,25,C5742,8275.72,0.25,11034.30,2023,3,2482.72
2023-03-18,Aspirateur Robot,Électroménager,Paris,Vendeur_10,19,1264.60,20,C2758,19221.92,0.20,24027.40,2023,3,5766.58
2024-11-17,Aspirateur Robot,Électroménager,Bordeaux,Vendeur_15,18,750.72,20,C9092,10810.37,0.20,13512.96,2024,11,3243.11
2023-10-02,Aspirateur Robot,Électroménager,Strasbourg,Vendeur_9,7,1074.36,30,C2845,5264.36,0.30,7520.52,2023,10,1579.31
2023-11-29,Réfrigérateur,Électroménager,Strasbourg,Vendeur_9,6,2275.96,0,C6523,13655.76,0.00,13655.76,2023,11,4096.73
2024-08-27,Tablette,High-Tech,Toulouse,Vendeur_6,20,53.04,30,C7643,742.56,0.30,1060.80,2024,8,222.77
2025-05-25,Caméra,High-Tech,Lille,Vendeur_3,13,357.06,25,C2562,3481.34,0.25,4641.78,2025,5,1044.40
2023-10-15,Casque Audio,High-Tech,Strasbourg,Vendeur_11,8,147.55,0,C5272,1180.40,0.00,1180.40,2023,10,354.12
2024-04-27,Machine à Laver,Électroménager,Strasbourg,Vendeur_9,11,131.78,10,C1187,1304.62,0.10,1449.58,2024,4,391.39
2025-01-06,Montre Connectée,High-Tech,Toulouse,Vendeur_2,4,2567.83,15,C6026,8730.62,0.15,10271.32,2025,1,2619.19
2025-04-10,Casque Audio,High-Tech,Bordeaux,Vendeur_4,10,2113.94,10,C4618,19025.46,0.10,21139.40,2025,4,5707.64
2023-10-01,TV 4K,High-Tech,Strasbourg,Vendeur_5,15,1427.78,25,C7121,16062.52,0.25,21416.70,2023,10,4818.76
2025-08-22,Machine à Laver,Électroménager,Toulouse,Vendeur_8,20,302.52,30,C2341,4235.28,0.30,6050.40,2025,8,1270.58
2025-07-03,Chaussures,Mode,Lille,Vendeur_3,19,1479.93,0,C2011,28118.67,0.00,28118.67,2025,7,8435.60
2025-11-01,Caméra,High-Tech,Toulouse,Vendeur_19,18,1425.68,5,C3695,24379.13,0.05,25662.24,2025,11,7313.74
2025-12-01,Réfrigérateur,Électroménager,Strasbourg,Vendeur_4,7,527.87,25,C9008,2771.32,0.25,3695.09,2025,12,831.40
2025-11-11,PC Portable,High-Tech,Strasbourg,Vendeur_2,15,1307.22,5,C9409,18627.88,0.05,19608.30,2025,11,5588.37
2025-07-24,Machine à Laver,Électroménager,Paris,Vendeur_18,15,1201.53,25,C6049,13517.21,0.25,18022.95,2025,7,4055.16
2023-02-14,Console,High-Tech,Nantes,Vendeur_9,1,1851.39,25,C4570,1388.54,0.25,1851.39,2023,2,416.56
2023-05-30,Veste,Mode,Paris,Vendeur_14,12,1908.93,25,C2044,17180.37,0.25,22907.16,2023,5,5154.11
2023-05-04,Chaussures,Mode,Lyon,Vendeur_16,2,145.46,10,C7698,261.83,0.10,290.92,2023,5,78.55
2023-10-05,Casque Audio,High-Tech,Nantes,Vendeur_12,13,1130.09,15,C7184,12487.49,0.15,14691.17,2023,10,3746.25
2023-06-14,Machine à Laver,Électroménager,Marseille,Vendeur_12,4,1881.32,5,C9802,7149.02,0.05,7525.28,2023,6,2144.70
2025-12-19,Machine à Laver,Électroménager,Marseille,Vendeur_8,1,1514.38,30,C1372,1060.07,0.30,1514.38,2025,12,318.02
2025-08-06,Montre Connectée,High-Tech,Nantes,Vendeur_18,13,2570.90,30,C4762,23395.19,0.30,33421.70,2025,8,7018.56
2025-08-01,TV 4K,High-Tech,Lille,Vendeur_5,9,1979.49,5,C2848,16924.64,0.05,17815.41,2025,8,5077.39
2025-05-08,Smartphone,High-Tech,Paris,Vendeur_8,7,497.17,0,C2653,3480.19,0.00,3480.19,2025,5,1044.06
2023-03-10,Veste,Mode,Strasbourg,Vendeur_20,2,221.00,5,C1724,419.90,0.05,442.00,2023,3,125.97
2025-06-17,Machine à Laver,Électroménager,Toulouse,Vendeur_18,7,1930.83,30,C1924,9461.07,0.30,13515.81,2025,6,2838.32
2025-10-28,Casque Audio,High-Tech,Bordeaux,Vendeur_8,19,89.27,10,C6253,1526.52,0.10,1696.13,2025,10,457.96
2024-09-10,TV 4K,High-Tech,Marseille,Vendeur_17,8,1761.47,15,C5923,11978.00,0.15,14091.76,2024,9,3593.40
2023-05-05,Montre Connectée,High-Tech,Marseille,Vendeur_14,18,2821.29,15,C1768,43165.74,0.15,50783.22,2023,5,12949.72
2025-02-19,Réfrigérateur,Électroménager,Lille,Vendeur_14,14,1730.67,5,C5913,23017.91,0.05,24229.38,2025,2,6905.37
2024-01-12,Machine à Laver,Électroménager,Strasbourg,Vendeur_8,8,1170.63,10,C3365,8428.54,0.10,9365.04,2024,1,2528.56
2025-08-06,Tablette,High-Tech,Paris,Vendeur_18,14,1933.43,15,C9683,23007.82,0.15,27068.02,2025,8,6902.35
2025-03-06,Casque Audio,High-Tech,Toulouse,Vendeur_9,7,1380.18,10,C2295,8695.13,0.10,9661.26,2025,3,2608.54
2025-07-10,Aspirateur Robot,Électroménager,Lille,Vendeur_3,18,1641.39,25,C4120,22158.76,0.25,29545.02,2025,7,6647.63
2024-07-03,Smartphone,High-Tech,Nantes,Vendeur_20,20,2824.98,0,C2192,56499.60,0.00,56499.60,2024,7,16949.88
2024-03-20,TV 4K,High-Tech,Strasbourg,Vendeur_7,11,1164.45,10,C1251,11528.06,0.10,12808.95,2024,3,3458.42
2024-01-25,TV 4K,High-Tech,Lyon,Vendeur_16,8,2883.96,25,C4350,17303.76,0.25,23071.68,2024,1,5191.13
2024-05-05,Machine à Laver,Électroménager,Lille,Vendeur_10,13,2717.00,15,C9743,30022.85,0.15,35321.00,2024,5,9006.86
2025-01-05,Sac de Luxe,Mode,Bordeaux,Vendeur_9,12,595.42,20,C9147,5716.03,0.20,7145.04,2025,1,1714.81
2023-07-21,Four,Électroménager,Strasbourg,Vendeur_11,7,217.39,10,C6126,1369.56,0.10,1521.73,2023,7,410.87
2023-04-04,Machine à Laver,Électroménager,Toulouse,Vendeur_5,1,311.33,10,C7841,280.20,0.10,311.33,2023,4,84.06
2023-11-09,Montre Connectée,High-Tech,Toulouse,Vendeur_11,8,64.48,15,C5026,438.46,0.15,515.84,2023,11,131.54
2024-11-22,Four,Électroménager,Bordeaux,Vendeur_16,16,292.38,15,C3756,3976.37,0.15,4678.08,2024,11,1192.91
2024-12-22,Console,High-Tech,Marseille,Vendeur_5,18,2052.19,15,C4015,31398.51,0.15,36939.42,2024,12,9419.55
2023-05-01,Aspirateur Robot,Électroménager,Paris,Vendeur_3,2,222.85,30,C1104,311.99,0.30,445.70,2023,5,93.60
2023-10-09,Machine à Laver,Électroménager,Toulouse,Vendeur_3,5,963.74,0,C4583,4818.70,0.00,4818.70,2023,10,1445.61
2025-07-22,Chaussures,Mode,Lille,Vendeur_2,20,2536.18,25,C8916,38042.70,0.25,50723.60,2025,7,11412.81
2025-09-26,Sac de Luxe,Mode,Paris,Vendeur_1,18,79.58,20,C7739,1145.95,0.20,1432.44,2025,9,343.79
2023-02-04,Smartphone,High-Tech,Bordeaux,Vendeur_18,10,2445.26,0,C9228,24452.60,0.00,24452.60,2023,2,7335.78
2025-05-31,Caméra,High-Tech,Marseille,Vendeur_4,4,852.75,20,C3439,2728.80,0.20,3411.00,2025,5,818.64
2024-01-29,TV 4K,High-Tech,Bordeaux,Vendeur_12,9,363.31,30,C7502,2288.85,0.30,3269.79,2024,1,686.66
2025-02-03,PC Portable,High-Tech,Nantes,Vendeur_15,19,2093.24,5,C4700,37782.98,0.05,39771.56,2025,2,11334.89
2023-06-15,Montre Connectée,High-Tech,Paris,Vendeur_3,13,1890.54,15,C7179,20890.47,0.15,24577.02,2023,6,6267.14
2025-09-01,Chaussures,Mode,Paris,Vendeur_1,6,2633.64,0,C9189,15801.84,0.00,15801.84,2025,9,4740.55
2025-06-07,Caméra,High-Tech,Lille,Vendeur_19,4,2207.86,20,C1697,7065.15,0.20,8831.44,2025,6,2119.55
2024-03-08,TV 4K,High-Tech,Strasbourg,Vendeur_9,2,2412.41,0,C5593,4824.82,0.00,4824.82,2024,3,1447.45
2023-03-09,Aspirateur Robot,Électroménager,Marseille,Vendeur_11,1,853.28,5,C3362,810.62,0.05,853.28,2023,3,243.18
2025-03-26,Tablette,High-Tech,Lyon,Vendeur_10,6,540.54,20,C4939,2594.59,0.20,3243.24,2025,3,778.38
2025-03-07,Veste,Mode,Lille,Vendeur_13,5,2254.34,30,C2284,7890.19,0.30,11271.70,2025,3,2367.06
2024-12-09,Chaussures,Mode,Paris,Vendeur_4,14,2422.44,5,C2245,32218.45,0.05,33914.16,2024,12,9665.54
2025-03-23,Réfrigérateur,Électroménager,Lille,Vendeur_1,9,2971.61,30,C8381,18721.14,0.30,26744.49,2025,3,5616.34
2024-04-12,Four,Électroménager,Lille,Vendeur_18,13,1243.73,15,C4043,13743.22,0.15,16168.49,2024,4,4122.96
2025-02-17,Sac de Luxe,Mode,Lyon,Vendeur_20,10,1122.33,30,C5037,7856.31,0.30,11223.30,2025,2,2356.89
2023-05-31,Console,High-Tech,Lyon,Vendeur_9,5,2331.47,15,C3527,9908.75,0.15,11657.35,2023,5,2972.62
2025-03-08,Console,High-Tech,Lille,Vendeur_12,4,1029.00,0,C1085,4116.00,0.00,4116.00,2025,3,1234.80
2025-06-29,Montre Connectée,High-Tech,Lille,Vendeur_9,4,2792.96,5,C2430,10613.25,0.05,11171.84,2025,6,3183.97
2025-06-01,Casque Audio,High-Tech,Strasbourg,Vendeur_18,18,2576.65,20,C7685,37103.76,0.20,46379.70,2025,6,11131.13
2023-02-23,PC Portable,High-Tech,Lyon,Vendeur_12,18,1292.69,0,C6315,23268.42,0.00,23268.42,2023,2,6980.53
2025-02-27,Caméra,High-Tech,Paris,Vendeur_10,14,2255.10,15,C2387,26835.69,0.15,31571.40,2025,2,8050.71
2024-05-12,Console,High-Tech,Marseille,Vendeur_13,6,2266.08,5,C5405,12916.66,0.05,13596.48,2024,5,3875.00
2024-07-03,Montre Connectée,High-Tech,Strasbourg,Vendeur_5,3,318.34,5,C8121,907.27,0.05,955.02,2024,7,272.18
2025-05-12,Montre Connectée,High-Tech,Bordeaux,Vendeur_16,3,2708.63,10,C5123,7313.30,0.10,8125.89,2025,5,2193.99
2025-10-12,TV 4K,High-Tech,Toulouse,Vendeur_15,4,1520.70,5,C5991,5778.66,0.05,6082.80,2025,10,1733.60
2025-03-21,Smartphone,High-Tech,Lille,Vendeur_20,13,2481.11,30,C6399,22578.10,0.30,32254.43,2025,3,6773.43
2024-11-16,Four,Électroménager,Nantes,Vendeur_20,5,966.95,10,C6253,4351.28,0.10,4834.75,2024,11,1305.38
2024-02-16,Veste,Mode,Strasbourg,Vendeur_11,6,2687.61,15,C6228,13706.81,0.15,16125.66,2024,2,4112.04
2025-10-02,Montre Connectée,High-Tech,Toulouse,Vendeur_11,13,1173.71,10,C7437,13732.41,0.10,15258.23,2025,10,4119.72
2023-08-22,Réfrigérateur,Électroménager,Toulouse,Vendeur_19,18,42.40,5,C1440,725.04,0.05,763.20,2023,8,217.51
2025-08-03,Console,High-Tech,Toulouse,Vendeur_15,10,2717.09,30,C2133,19019.63,0.30,27170.90,2025,8,5705.89
2025-04-17,Caméra,High-Tech,Strasbourg,Vendeur_5,10,282.95,5,C5139,2688.03,0.05,2829.50,2025,4,806.41
2023-11-12,Sac de Luxe,Mode,Nantes,Vendeur_13,3,964.75,15,C8851,2460.11,0.15,2894.25,2023,11,738.03
2025-03-31,Veste,Mode,Nantes,Vendeur_18,2,2850.69,30,C6890,3990.97,0.30,5701.38,2025,3,1197.29
2023-06-24,Console,High-Tech,Lyon,Vendeur_8,12,2852.32,5,C1725,32516.45,0.05,34227.84,2023,6,9754.93
2025-03-29,Veste,Mode,Lille,Vendeur_14,4,1724.58,0,C2615,6898.32,0.00,6898.32,2025,3,2069.50
2024-03-30,Montre Connectée,High-Tech,Toulouse,Vendeur_15,12,1899.19,15,C8586,19371.74,0.15,22790.28,2024,3,5811.52
2025-10-21,Tablette,High-Tech,Marseille,Vendeur_12,1,1350.85,15,C2712,1148.22,0.15,1350.85,2025,10,344.47
2025-05-01,Montre Connectée,High-Tech,Lyon,Vendeur_4,5,886.70,10,C6110,3990.15,0.10,4433.50,2025,5,1197.04
2025-07-21,Réfrigérateur,Électroménager,Toulouse,Vendeur_17,16,992.71,10,C8801,14295.02,0.10,15883.36,2025,7,4288.51
2025-06-16,PC Portable,High-Tech,Strasbourg,Vendeur_11,3,2020.83,10,C1732,5456.24,0.10,6062.49,2025,6,1636.87
2023-08-24,Tablette,High-Tech,Paris,Vendeur_11,4,2259.60,25,C3692,6778.80,0.25,9038.40,2023,8,2033.64
2024-05-14,Aspirateur Robot,Électroménager,Marseille,Vendeur_18,6,2376.82,10,C7985,12834.83,0.10,14260.92,2024,5,3850.45
2024-04-19,Four,Électroménager,Nantes,Vendeur_6,6,2370.96,25,C8080,10669.32,0.25,14225.76,2024,4,3200.80
2023-03-01,Machine à Laver,Électroménager,Toulouse,Vendeur_15,19,282.71,15,C7370,4565.77,0.15,5371.49,2023,3,1369.73
2024-03-15,Smartphone,High-Tech,Toulouse,Vendeur_9,3,1488.32,20,C2667,3571.97,0.20,4464.96,2024,3,1071.59
2024-01-18,Tablette,High-Tech,Lille,Vendeur_11,7,182.10,15,C2867,1083.49,0.15,1274.70,2024,1,325.05
2025-09-29,Montre Connectée,High-Tech,Lille,Vendeur_20,13,1653.09,20,C7431,17192.14,0.20,21490.17,2025,9,5157.64
2023-08-22,Veste,Mode,Lille,Vendeur_12,15,1330.18,20,C3826,15962.16,0.20,19952.70,2023,8,4788.65
2024-09-01,Caméra,High-Tech,Lyon,Vendeur_5,11,2664.24,0,C4908,29306.64,0.00,29306.64,2024,9,8791.99
2023-08-28,Montre Connectée,High-Tech,Marseille,Vendeur_12,5,1059.24,20,C7364,4236.96,0.20,5296.20,2023,8,1271.09
2023-10-10,Machine à Laver,Électroménager,Nantes,Vendeur_14,6,360.03,15,C9804,1836.15,0.15,2160.18,2023,10,550.85
2023-12-21,Console,High-Tech,Marseille,Vendeur_16,10,437.55,5,C4065,4156.72,0.05,4375.50,2023,12,1247.02
2025-07-12,Réfrigérateur,Électroménager,Paris,Vendeur_12,1,2286.92,15,C3236,1943.88,0.15,2286.92,2025,7,583.16
2025-02-25,TV 4K,High-Tech,Strasbourg,Vendeur_14,16,1858.47,15,C8272,25275.19,0.15,29735.52,2025,2,7582.56
2023-12-09,Four,Électroménager,Lyon,Vendeur_19,1,312.36,30,C4613,218.65,0.30,312.36,2023,12,65.60
2023-03-08,Montre Connectée,High-Tech,Bordeaux,Vendeur_8,18,261.48,10,C3755,4235.98,0.10,4706.64,2023,3,1270.79
2025-07-25,Tablette,High-Tech,Strasbourg,Vendeur_18,17,2105.90,0,C2871,35800.30,0.00,35800.30,2025,7,10740.09
2025-01-21,Montre Connectée,High-Tech,Paris,Vendeur_15,18,227.56,5,C7965,3891.28,0.05,4096.08,2025,1,1167.38
2024-05-21,PC Portable,High-Tech,Bordeaux,Vendeur_2,15,2467.36,10,C6711,33309.36,0.10,37010.40,2024,5,9992.81
2023-06-28,Caméra,High-Tech,Strasbourg,Vendeur_4,8,2121.66,5,C6744,16124.62,0.05,16973.28,2023,6,4837.38
2025-05-26,Caméra,High-Tech,Marseille,Vendeur_20,5,253.23,30,C4385,886.30,0.30,1266.15,2025,5,265.89
2024-02-28,Caméra,High-Tech,Paris,Vendeur_19,12,263.66,20,C5605,2531.14,0.20,3163.92,2024,2,759.34
2023-12-11,Veste,Mode,Lille,Vendeur_10,10,2960.05,20,C5380,23680.40,0.20,29600.50,2023,12,7104.12
2025-11-19,Caméra,High-Tech,Lyon,Vendeur_5,14,1129.07,0,C5543,15806.98,0.00,15806.98,2025,11,4742.09
2023-09-17,Caméra,High-Tech,Marseille,Vendeur_8,5,1118.22,25,C6277,4193.33,0.25,5591.10,2023,9,1258.00
2024-05-21,Caméra,High-Tech,Nantes,Vendeur_16,5,2440.27,20,C5402,9761.08,0.20,12201.35,2024,5,2928.32
2025-04-28,Sac de Luxe,Mode,Nantes,Vendeur_15,3,2842.27,25,C2525,6395.11,0.25,8526.81,2025,4,1918.53
2025-11-21,Machine à Laver,Électroménager,Bordeaux,Vendeur_12,15,2958.14,15,C6362,37716.29,0.15,44372.10,2025,11,11314.89
2023-01-06,Veste,Mode,Lyon,Vendeur_15,12,2262.60,30,C2037,19005.84,0.30,27151.20,2023,1,5701.75
2025-12-30,Tablette,High-Tech,Nantes,Vendeur_7,14,1135.02,30,C4470,11123.20,0.30,15890.28,2025,12,3336.96
2024-07-03,Four,Électroménager,Lille,Vendeur_10,11,259.67,20,C3139,2285.10,0.20,2856.37,2024,7,685.53
2025-09-20,Veste,Mode,Lille,Vendeur_2,2,2333.67,0,C8529,4667.34,0.00,4667.34,2025,9,1400.20
2023-09-12,Smartphone,High-Tech,Marseille,Vendeur_15,15,1679.63,0,C8009,25194.45,0.00,25194.45,2023,9,7558.34
2023-09-28,TV 4K,High-Tech,Bordeaux,Vendeur_6,9,1278.42,0,C6905,11505.78,0.00,11505.78,2023,9,3451.73
2023-06-18,Montre Connectée,High-Tech,Lille,Vendeur_6,2,2720.00,15,C6005,4624.00,0.15,5440.00,2023,6,1387.20
2024-04-24,Console,High-Tech,Nantes,Vendeur_3,4,342.48,0,C4496,1369.92,0.00,1369.92,2024,4,410.98
2023-06-09,Four,Électroménager,Marseille,Vendeur_19,8,1482.95,20,C8291,9490.88,0.20,11863.60,2023,6,2847.26
2023-01-17,Smartphone,High-Tech,Lille,Vendeur_4,14,43.95,25,C3165,461.48,0.25,615.30,2023,1,138.44
2023-05-26,Four,Électroménager,Toulouse,Vendeur_13,3,1411.30,25,C2678,3175.43,0.25,4233.90,2023,5,952.63
2024-10-03,PC Portable,High-Tech,Lille,Vendeur_10,5,178.35,15,C3181,757.99,0.15,891.75,2024,10,227.40
2023-10-20,Sac de Luxe,Mode,Lyon,Vendeur_17,19,365.27,0,C3688,6940.13,0.00,6940.13,2023,10,2082.04
2024-12-20,Four,Électroménager,Toulouse,Vendeur_5,14,361.40,20,C8248,4047.68,0.20,5059.60,2024,12,1214.30
2024-03-20,Caméra,High-Tech,Lyon,Vendeur_4,5,1951.14,30,C3017,6828.99,0.30,9755.70,2024,3,2048.70
2025-02-25,Veste,Mode,Lille,Vendeur_14,11,2240.67,30,C3290,17253.16,0.30,24647.37,2025,2,5175.95
2024-07-21,TV 4K,High-Tech,Lyon,Vendeur_8,18,1754.27,20,C5668,25261.49,0.20,31576.86,2024,7,7578.45
2023-02-24,Tablette,High-Tech,Bordeaux,Vendeur_7,17,2886.90,20,C9348,39261.84,0.20,49077.30,2023,2,11778.55
2025-03-13,TV 4K,High-Tech,Bordeaux,Vendeur_2,8,1130.86,15,C7322,7689.85,0.15,9046.88,2025,3,2306.95
2024-05-08,PC Portable,High-Tech,Strasbourg,Vendeur_20,3,864.28,20,C1197,2074.27,0.20,2592.84,2024,5,622.28
2024-10-10,Réfrigérateur,Électroménager,Marseille,Vendeur_13,19,2607.11,15,C6986,42104.83,0.15,49535.09,2024,10,12631.45
2023-12-20,Chaussures,Mode,Strasbourg,Vendeur_3,1,678.55,20,C2106,542.84,0.20,678.55,2023,12,162.85
2024-06-20,Smartphone,High-Tech,Toulouse,Vendeur_2,2,2890.04,30,C7520,4046.06,0.30,5780.08,2024,6,1213.82
2024-08-09,Chaussures,Mode,Nantes,Vendeur_14,13,46.34,0,C9791,602.42,0.00,602.42,2024,8,180.73
2023-11-09,Chaussures,Mode,Bordeaux,Vendeur_3,10,2909.94,0,C9377,29099.40,0.00,29099.40,2023,11,8729.82
2024-02-21,Aspirateur Robot,Électroménager,Marseille,Vendeur_18,11,139.05,15,C2083,1300.12,0.15,1529.55,2024,2,390.04
2025-06-14,Montre Connectée,High-Tech,Toulouse,Vendeur_2,8,2674.52,0,C8118,21396.16,0.00,21396.16,2025,6,6418.85
2025-07-17,PC Portable,High-Tech,Paris,Vendeur_10,6,1587.83,0,C1207,9526.98,0.00,9526.98,2025,7,2858.09
2023-10-09,Console,High-Tech,Paris,Vendeur_6,16,2978.96,10,C9568,42897.02,0.10,47663.36,2023,10,12869.11
2024-06-14,Chaussures,Mode,Marseille,Vendeur_12,5,230.65,25,C5403,864.94,0.25,1153.25,2024,6,259.48
2023-08-30,Console,High-Tech,Paris,Vendeur_11,14,1666.02,10,C9582,20991.85,0.10,23324.28,2023,8,6297.56
2024-06-22,PC Portable,High-Tech,Lyon,Vendeur_16,15,2908.21,20,C6900,34898.52,0.20,43623.15,2024,6,10469.56
2025-10-20,Smartphone,High-Tech,Marseille,Vendeur_12,6,1574.06,10,C2685,8499.92,0.10,9444.36,2025,10,2549.98
2023-08-25,Aspirateur Robot,Électroménager,Toulouse,Vendeur_17,1,1891.90,0,C1201,1891.90,0.00,1891.90,2023,8,567.57
2023-04-05,TV 4K,High-Tech,Strasbourg,Vendeur_12,13,2090.29,5,C3932,25815.08,0.05,27173.77,2023,4,7744.52
2023-03-14,Aspirateur Robot,Électroménager,Nantes,Vendeur_8,11,1369.08,5,C7819,14306.89,0.05,15059.88,2023,3,4292.07
2024-10-17,Aspirateur Robot,Électroménager,Bordeaux,Vendeur_3,19,1886.40,10,C2956,32257.44,0.10,35841.60,2024,10,9677.23
2023-04-18,Chaussures,Mode,Marseille,Vendeur_8,17,1757.10,0,C7568,29870.70,0.00,29870.70,2023,4,8961.21
2025-08-10,PC Portable,High-Tech,Bordeaux,Vendeur_10,11,2704.46,0,C8483,29749.06,0.00,29749.06,2025,8,8924.72
2025-01-25,Smartphone,High-Tech,Toulouse,Vendeur_10,19,145.88,30,C5979,1940.20,0.30,2771.72,2025,1,582.06
2024-05-11,Console,High-Tech,Strasbourg,Vendeur_12,19,850.08,15,C4201,13728.79,0.15,16151.52,2024,5,4118.64
2024-05-17,Console,High-Tech,Marseille,Vendeur_1,14,2851.73,0,C4817,39924.22,0.00,39924.22,2024,5,11977.27
2024-12-10,Chaussures,Mode,Paris,Vendeur_11,1,2671.89,30,C7164,1870.32,0.30,2671.89,2024,12,561.10
2024-09-21,Caméra,High-Tech,Lyon,Vendeur_7,17,1372.41,5,C7878,22164.42,0.05,23330.97,2024,9,6649.33
2023-05-03,Four,Électroménager,Marseille,Vendeur_9,3,1864.20,0,C4792,5592.60,0.00,5592.60,2023,5,1677.78
2025-11-30,Aspirateur Robot,Électroménager,Nantes,Vendeur_12,15,839.37,25,C2391,9442.91,0.25,12590.55,2025,11,2832.87
2023-07-15,Veste,Mode,Marseille,Vendeur_13,3,572.48,20,C2020,1373.95,0.20,1717.44,2023,7,412.19
2023-09-25,Machine à Laver,Électroménager,Toulouse,Vendeur_10,9,1396.46,30,C6161,8797.70,0.30,12568.14,2023,9,2639.31
2025-03-15,Aspirateur Robot,Électroménager,Lille,Vendeur_11,15,1066.52,10,C4827,14398.02,0.10,15997.80,2025,3,4319.41
2024-02-20,PC Portable,High-Tech,Marseille,Vendeur_19,4,1755.13,5,C2731,6669.49,0.05,7020.52,2024,2,2000.85
2025-07-09,Casque Audio,High-Tech,Strasbourg,Vendeur_11,14,242.43,0,C9780,3394.02,0.00,3394.02,2025,7,1018.21
2024-03-01,Réfrigérateur,Électroménager,Strasbourg,Vendeur_10,15,2923.44,10,C2964,39466.44,0.10,43851.60,2024,3,11839.93
2023-11-19,PC Portable,High-Tech,Bordeaux,Vendeur_20,2,2958.77,5,C6370,5621.66,0.05,5917.54,2023,11,1686.50
